-- MySQL dump 10.15  Distrib 10.0.10-MariaDB, for osx10.8 (i386)
--
-- Host: localhost    Database: cellolite_v1
-- ------------------------------------------------------
-- Server version	10.0.10-MariaDB

/*!40101 SET @OLD_CHARACTER_SET_CLIENT=@@CHARACTER_SET_CLIENT */;
/*!40101 SET @OLD_CHARACTER_SET_RESULTS=@@CHARACTER_SET_RESULTS */;
/*!40101 SET @OLD_COLLATION_CONNECTION=@@COLLATION_CONNECTION */;
/*!40101 SET NAMES utf8 */;
/*!40103 SET @OLD_TIME_ZONE=@@TIME_ZONE */;
/*!40103 SET TIME_ZONE='+00:00' */;
/*!40014 SET @OLD_UNIQUE_CHECKS=@@UNIQUE_CHECKS, UNIQUE_CHECKS=0 */;
/*!40014 SET @OLD_FOREIGN_KEY_CHECKS=@@FOREIGN_KEY_CHECKS, FOREIGN_KEY_CHECKS=0 */;
/*!40101 SET @OLD_SQL_MODE=@@SQL_MODE, SQL_MODE='NO_AUTO_VALUE_ON_ZERO' */;
/*!40111 SET @OLD_SQL_NOTES=@@SQL_NOTES, SQL_NOTES=0 */;

--
-- Current Database: `cellolite_v1`
--

CREATE DATABASE /*!32312 IF NOT EXISTS*/ `cellolite_v1` /*!40100 DEFAULT CHARACTER SET latin1 */;

USE `cellolite_v1`;

--
-- Table structure for table `Gate`
--

DROP TABLE IF EXISTS `Gate`;
/*!40101 SET @saved_cs_client     = @@character_set_client */;
/*!40101 SET character_set_client = utf8 */;
CREATE TABLE `Gate` (
  `ID` int(11) NOT NULL DEFAULT '0',
  `Name` varchar(100) DEFAULT NULL,
  `GateType` varchar(20) DEFAULT NULL,
  `ModelID` int(11) DEFAULT NULL,
  PRIMARY KEY (`ID`)
) ENGINE=InnoDB DEFAULT CHARSET=latin1;
/*!40101 SET character_set_client = @saved_cs_client */;

--
-- Dumping data for table `Gate`
--

LOCK TABLES `Gate` WRITE;
/*!40000 ALTER TABLE `Gate` DISABLE KEYS */;
INSERT INTO `Gate` VALUES (1,'INDUCER_pTac','INDUCER',NULL),(2,'INDUCER_pTet','INDUCER',NULL),(3,'INDUCER_pBAD','INDUCER',NULL),(4,'INDUCER_pLuxStar','INDUCER',NULL),(5,'REPORTER_YFP','REPORTER',NULL),(6,'REPORTER_GFP','REPORTER',NULL),(7,'REPORTER_RFP','REPORTER',NULL),(8,'REPORTER_BFP','REPORTER',NULL),(9,'NOT_SrpR-rbs0','NOT',1),(10,'NOT_SrpR-rbs1','NOT',2),(11,'NOT_SrpR-rbs2','NOT',3),(12,'NOT_SrpR-rbs3','NOT',4),(13,'NOT_PhlF-rbs0','NOT',5),(14,'NOT_PhlF-rbs1','NOT',6),(15,'NOT_BM3R1-rbs0','NOT',7),(16,'NOT_BM3R1-rbs1','NOT',8),(17,'NOT_AmtR-rbs0','NOT',9),(18,'NOT_AmtR-rbs1','NOT',10),(19,'NOT_HlyIIR-rbs0','NOT',11),(20,'NOT_LitR-rbs0','NOT',12),(21,'NOT_LitR-rbs2','NOT',13),(22,'NOT_QacR-rbs0','NOT',14),(23,'NOT_QacR-rbs2','NOT',15),(24,'NOT_IcaRA-rbs0','NOT',16),(25,'NOT_IcaRA-rbs1','NOT',17),(26,'NOT_BetI-rbs0','NOT',18),(27,'NOT_AmeR-rbs0','NOT',19),(28,'NOT_PsrA-rbs0','NOT',20),(29,'NOT_McbR-rbs0','NOT',21),(30,'NOT_ButR-rbs0','NOT',22),(31,'NOT_LmrA-rbs0','NOT',23),(32,'NOT_TarA-rbs0','NOT',24);
/*!40000 ALTER TABLE `Gate` ENABLE KEYS */;
UNLOCK TABLES;

--
-- Table structure for table `ResponseFunction`
--

DROP TABLE IF EXISTS `Model`;
/*!40101 SET @saved_cs_client     = @@character_set_client */;
/*!40101 SET character_set_client = utf8 */;
CREATE TABLE `Model` (
  `ID` int(11) NOT NULL DEFAULT '0',
  `GateID` int(11) DEFAULT NULL,
  `pmax` float DEFAULT NULL,
  `pmin` float DEFAULT NULL,
  `n` float DEFAULT NULL,
  `Kd` float DEFAULT NULL,
  PRIMARY KEY (`ID`)
) ENGINE=InnoDB DEFAULT CHARSET=latin1;
/*!40101 SET character_set_client = @saved_cs_client */;

--
-- Dumping data for table `ResponseFunction`
--

LOCK TABLES `Model` WRITE;
/*!40000 ALTER TABLE `ResponseFunction` DISABLE KEYS */;
INSERT INTO `Model` VALUES (1,9,8.8217,0.030248,2.80988,0.415826),(2,10,5.53837,0.011192,2.92615,0.043338),(3,11,8.72034,0.013618,2.64759,0.157783),(4,12,8.96637,0.017023,2.79516,0.267569),(5,13,16.2885,0.061101,4.03135,0.115825),(6,14,17.2204,0.073805,3.87694,0.560868),(7,15,2.05597,0.01804,3.37705,0.165888),(8,16,2.16849,0.019056,2.94565,0.627955),(9,17,NULL,NULL,NULL,NULL),(10,18,NULL,NULL,NULL,NULL),(11,19,NULL,NULL,NULL,NULL),(12,20,NULL,NULL,NULL,NULL),(13,21,NULL,NULL,NULL,NULL),(14,22,NULL,NULL,NULL,NULL),(15,23,NULL,NULL,NULL,NULL),(16,24,NULL,NULL,NULL,NULL),(17,25,NULL,NULL,NULL,NULL),(18,26,NULL,NULL,NULL,NULL),(19,27,NULL,NULL,NULL,NULL),(20,28,NULL,NULL,NULL,NULL),(21,29,NULL,NULL,NULL,NULL),(22,30,NULL,NULL,NULL,NULL),(23,31,NULL,NULL,NULL,NULL),(24,32,NULL,NULL,NULL,NULL),(25,NULL,NULL,NULL,NULL,NULL);
/*!40000 ALTER TABLE `ResponseFunction` ENABLE KEYS */;
UNLOCK TABLES;

--
-- Table structure for table `Part`
--

DROP TABLE IF EXISTS `Part`;
/*!40101 SET @saved_cs_client     = @@character_set_client */;
/*!40101 SET character_set_client = utf8 */;
CREATE TABLE `Part` (
  `ID` int(11) NOT NULL DEFAULT '0',
  `PartTypeID` int(11) DEFAULT NULL,
  `Name` varchar(100) DEFAULT NULL,
  `isBasic` tinyint(4) DEFAULT NULL,
  `Sequence` text,
  PRIMARY KEY (`ID`)
) ENGINE=InnoDB DEFAULT CHARSET=latin1;
/*!40101 SET character_set_client = @saved_cs_client */;

--
-- Dumping data for table `Part`
--

LOCK TABLES `Part` WRITE;
/*!40000 ALTER TABLE `Part` DISABLE KEYS */;
INSERT INTO `Part` VALUES (0,NULL,NULL,NULL,NULL),(1,1,'pTac',1,'AACGATCGTTGGCTGTGTTGACAATTAATCATCGGCTCGTATAATGTGTGGAATTGTGAGCGCTCACAATT'),(2,1,'pTet',1,'TACTCCACCGTTGGCTTTTTTCCCTATCAGTGATAGAGATTGACATCCCTATCAGTGATAGAGATAATGAGCAC'),(3,1,'pLuxStar',1,'ATAGCTTCTTACCGGACCTGTAGGATCGTACAGGTTTACGCAAGAAAATGGTTTGTTACTTTCGAATAAA'),(4,1,'pBAD',1,'ACTTTTCATACTCCCGCCATTCAGAGAAGAAACCAATTGTCCATATTGCATCAGACATTGCCGTCACTGCGTCTTTTACTGGCTCTTCTCGCTAACCAAACCGGTAACCCCGCTTATTAAAAGCATTCTGTAACAAAGCGGGACCAAAGCCATGACAAAAACGCGTAACAAAAGTGTCTATAATCACGGCAGAAAAGTCCACATTGATTATTTGCACGGCGTCACACTTTGCTATGCCATAGCATTTTTATCCATAAGATTAGCGGATCCTACCTGACGCTTTTTATCGCAACTCTCTACTGTTTCTCCATACCCGTTTTTTTGGGCTAGC'),(5,1,'pSrpR',1,'TCTATGATTGGTCCAGATTCGTTACCAATTGACAGCTAGCTCAGTCCTAGGTATATACATACATGCTTGTTTGTTTGTAAAC'),(6,1,'pPhlF',1,'CGACGTACGGTGGAATCTGATTCGTTACCAATTGACATGATACGAAACGTACCGTATCGTTAAGGT'),(7,1,'pBM3R1',1,'AATCCGCGTGATAGGTCTGATTCGTTACCAATTGACGGAATGAACGTTCATTCCGATAATGCTAGCTACTAGAG'),(8,1,'pAmtR',1,'CTTGTCCAACCAAATGATTCGTTACCAATTGACAGTTTCTATCGATCTATAGATAATGCTAGC'),(9,1,'pHlyIIR',1,'ACCAGGAATCTGAACgattcgttaccaattgacATATTTAAAATTCTTGTTTAAAatgctagc'),(10,1,'pLitR',1,'CGAGCGTAGAGCTTAGATTCGTTACCAATTGACAAATTTATAAATTGTCAGTATAATGCTAGC'),(11,1,'pQacR',1,'GGTATGGAAGCTATACGTTACCAATTGACAGCTAGCTCAGTCCTACTTTAGTATATAGACCGTGCGATCGGTCTATA'),(12,1,'pIcaRA',1,'GTCAACTCATAAGATTCTGATTCGTTACCAATTGACAATTCACCTACCTTTCGTTAGGTTAGGTTGT'),(13,1,'pBetI',1,'AGCGCGGGTGAGAGGGATTCGTTACCAATTGACAATTGATTGGACGTTCAATATAATGCTAGC'),(14,1,'pAmeR',1,'TCGTCACTAGAGGGCGATAGTGACAAACTTGACAACTCATCACTTCCTAGGTATAATGCTAGC'),(15,1,'pPsrA',1,'TGATCGAACGCTTCAAGGAACAAACGTTTGATTGACAGCTAGCTCAGTCCTAGGTATAATGCTAGC'),(16,1,'pMcbR',1,'ATGTCATCATTAGTGGATTCGTTACCAATTGACAGCTTGAACAGCTTGGTCTATAATGCTAGC'),(17,1,'pButR',1,'GGTCCTTATCTGAAGGCTACTCCCTCGAGCCGTCAATTGTCTGATTCGTGTCACTTTGACAGCAGTGTCACTCCTAGGTATAATGCTAGC'),(18,1,'pLmrA',1,'CGCTCATTCACTAGGTCTGATTCGTTACCAATTGACAACTGGTGGTCGAATCAAGATAATAGACCAGTCACTATATTT'),(19,1,'pTarA',1,'GCCTCTAATACATCCGATTCGTTACCAATTGACAGCTAAACATACCGTGTGGTATGTTCTAGC'),(20,2,'RiboJ10',1,'CTGAAGCGCTCAACGGGTGTGCTTCCCGTTCTGATGAGTCCGTGAGGACGAAAGCGCCTCTACAAATAATTTTGTTTAA'),(21,2,'RiboJ53',1,'CTGAAGCGGTCAACGCATGTGCTTTGCGTTCTGATGAGACAGTGATGTCGAAACCGCCTCTACAAATAATTTTGTTTAA'),(22,2,'SarJ',1,'CTGAAGACTGTCGCCGGATGTGTATCCGACCTGACGATGGCCCAAAAGGGCCGAAACAGTCCTCTACAAATAATTTTGTTTAA'),(23,2,'BydvJ',1,'CTGAAGGGTGTCTCAAGGTGCGTACCTTGACTGATGAGTCCGAAAGGACGAAACACCCCTCTACAAATAATTTTGTTTAA'),(24,2,'RiboJ51',1,'CTGAAGTAGTCACCGGCTGTGCTTGCCGGTCTGATGAGCCTGTGAAGGCGAAACTACCTCTACAAATAATTTTGTTTAA'),(25,2,'PlmJ',1,'CTGAAGTCATAAGTCTGGGCTAAGCCCACTGATGAGTCGCTGAAATGCGACGAAACTTATGACCTCTACAAATAATTTTGTTTAA'),(26,2,'RiboJ60',1,'CTGAAGTCGTCAAGTGCTGTGCTTGCACTTCTGATGAGGCAGTGATGCCGAAACGACCTCTACAAATAATTTTGTTTAA'),(27,2,'ElvJ',1,'CTGAAGCCCCATAGGGTGGTGTGTACCACCCCTGATGAGTCCAAAAGGACGAAATGGGGCCTCTACAAATAATTTTGTTTAA'),(28,2,'RiboJ57',1,'CTGAAGAAGTCAATTAATGTGCTTTTAATTCTGATGAGTCGGTGACGACGAAACTTCCTCTACAAATAATTTTGTTTAA'),(29,2,'RiboJ54',1,'CTGAAGGGGTCAGTTGATGTGCTTTCAACTCTGATGAGTCAGTGATGACGAAACCCCCTCTACAAATAATTTTGTTTAA'),(30,2,'ScmJ',1,'CTGAAGCGCTGTCTGTACTTGTATCAGTACACTGACGAGTCCCTAAAGGACGAAACACCGCCTCTACAAATAATTTTGTTTAA'),(31,2,'CchJ',1,'CTGAAGTTCCAGTCGAGACCTGAAGTGGGTTTCCTGATGAGGCTGTGGAGAGAGCGAAAGCTTTACTCCCGCACAAGCCGAAACTGGAACCTCTACAAATAATTTTGTTTAA'),(32,2,'AraJ',1,'CTGAAGTGGTCGTGATCTGAAACTCGATCACCTGATGAGCTCAAGGCAGAGCGAAACCACCTCTACAAATAATTTTGTTTAA'),(33,2,'RiboJ64',1,'CTGAAGGAGTCAATTAATGTGCTTTTAATTCTGATGAGACGGTGACGTCGAAACTCCCTCTACAAATAATTTTGTTTAA'),(34,2,'LstvJ',1,'CTGAAGTACGTCTGAGCGTGATACCCGCTCACTGAAGATGGCCCGGTAGGGCCGAAACGTACCTCTACAAATAATTTTGTTTAA'),(35,2,'RiboJ00',1,'CTGAAGCTGTCACCGGATGTGCTTTCCGGTCTGATGAGTCCGTGAGGACGAAACAGCCTCTACAAATAATTTTGTTTAA'),(36,4,'SrpR',1,'ATGGCACGTAAAACCGCAGCAGAAGCAGAAGAAACCCGTCAGCGTATTATTGATGCAGCACTGGAAGTTTTTGTTGCACAGGGTGTTAGTGATGCAACCCTGGATCAGATTGCACGTAAAGCCGGTGTTACCCGTGGTGCAGTTTATTGGCATTTTAATGGTAAACTGGAAGTTCTGCAGGCAGTTCTGGCAAGCCGTCAGCATCCGCTGGAACTGGATTTTACACCGGATCTGGGTATTGAACGTAGCTGGGAAGCAGTTGTTGTTGCAATGCTGGATGCAGTTCATAGTCCGCAGAGCAAACAGTTTAGCGAAATTCTGATTTATCAGGGTCTGGATGAAAGCGGTCTGATTCATAATCGTATGGTTCAGGCAAGCGATCGTTTTCTGCAGTATATTCATCAGGTTCTGCGTCATGCAGTTACCCAGGGTGAACTGCCGATTAATCTGGATCTGCAGACCAGCATTGGTGTTTTTAAAGGTCTGATTACCGGTCTGCTGTATGAAGGTCTGCGTAGCAAAGATCAGCAGGCACAGATTATCAAAGTTGCACTGGGTAGCTTTTGGGCACTGCTGCGTGAACCGCCTCGTTTTCTGCTGTGTGAAGAAGCACAGATTAAACAGGTGAAATCCTTCGAATAA'),(37,4,'PhlF',1,'ATGGCACGTACCCCGAGCCGTAGCAGCATTGGTAGCCTGCGTAGTCCGCATACCCATAAAGCAATTCTGACCAGCACCATTGAAATCCTGAAAGAATGTGGTTATAGCGGTCTGAGCATTGAAAGCGTTGCACGTCGTGCCGGTGCAAGCAAACCGACCATTTATCGTTGGTGGACCAATAAAGCAGCACTGATTGCCGAAGTGTATGAAAATGAAAGCGAACAGGTGCGTAAATTTCCGGATCTGGGTAGCTTTAAAGCCGATCTGGATTTTCTGCTGCGTAATCTGTGGAAAGTTTGGCGTGAAACCATTTGTGGTGAAGCATTTCGTTGTGTTATTGCAGAAGCACAGCTGGACCCTGCAACCCTGACCCAGCTGAAAGATCAGTTTATGGAACGTCGTCGTGAGATGCCGAAAAAACTGGTTGAAAATGCCATTAGCAATGGTGAACTGCCGAAAGATACCAATCGTGAACTGCTGCTGGATATGATTTTTGGTTTTTGTTGGTATCGCCTGCTGACCGAACAGCTGACCGTTGAACAGGATATTGAAGAATTTACCTTCCTGCTGATTAATGGTGTTTGTCCGGGTACACAGCGTTAA'),(38,4,'BM3R1',1,'ATGGAAAGCACCCCGACCAAACAGAAAGCAATTTTTAGCGCAAGCCTGCTGCTGTTTGCAGAACGTGGTTTTGATGCAACCACCATGCCGATGATTGCAGAAAATGCAAAAGTTGGTGCAGGCACCATTTATCGCTATTTCAAAAACAAAGAAAGCCTGGTGAACGAACTGTTTCAGCAGCATGTTAATGAATTTCTGCAGTGTATTGAAAGCGGTCTGGCAAATGAACGTGATGGTTATCGTGATGGCTTTCATCACATTTTTGAAGGTATGGTGACCTTTACCAAAAATCATCCGCGTGCACTGGGTTTTATCAAAACCCATAGCCAGGGCACCTTTCTGACCGAAGAAAGCCGTCTGGCATATCAGAAACTGGTTGAATTTGTGTGCACCTTTTTTCGTGAAGGTCAGAAACAGGGTGTGATTCGTAATCTGCCGGAAAATGCACTGATTGCAATTCTGTTTGGCAGCTTTATGGAAGTGTATGAAATGATCGAGAACGATTATCTGAGCCTGACCGATGAACTGCTGACCGGTGTTGAAGAAAGCCTGTGGGCAGCACTGAGCCGTCAGAGCTAA'),(39,4,'AmtR',1,'ATGGCAGGCGCAGTTGGTCGTCCGCGTCGTAGTGCACCGCGTCGTGCAGGTAAAAATCCGCGTGAAGAAATTCTGGATGCAAGCGCAGAACTGTTTACCCGTCAGGGTTTTGCAACCACCAGTACCCATCAGATTGCAGATGCAGTTGGTATTCGTCAGGCAAGCCTGTATTATCATTTTCCGAGCAAAACCGAAATCTTTCTGACCCTGCTGAAAAGCACCGTTGAACCGAGCACCGTTCTGGCAGAAGATCTGAGCACCCTGGATGCAGGTCCGGAAATGCGTCTGTGGGCAATTGTTGCAAGCGAAGTTCGTCTGCTGCTGAGCACCAAATGGAATGTTGGTCGTCTGTATCAGCTGCCGATTGTTGGTAGCGAAGAATTTGCAGAATATCATAGCCAGCGTGAAGCACTGACCAATGTTTTTCGTGATCTGGCAACCGAAATTGTTGGTGATGATCCGCGTGCAGAACTGCCGTTTCATATTACCATGAGCGTTATTGAAATGCGTCGCAATGATGGTAAAATTCCGAGTCCGCTGAGCGCAGATAGCCTGCCGGAAACCGCAATTATGCTGGCAGATGCAAGCCTGGCAGTTCTGGGTGCACCGCTGCCTGCAGATCGTGTTGAAAAAACCCTGGAACTGATTAAACAGGCAGATGCAAAATAA'),(40,4,'HlyIIR',1,'ATGAAATACATCCTGTTTGAGGTGTGCGAAATGGGTAAAAGCCGTGAACAGACCATGGAAAATATTCTGAAAGCAGCCAAAAAGAAATTCGGCGAACGTGGTTATGAAGGCACCAGCATTCAAGAAATTGCCAAAGAAGCCAAAGTTAACGTTGCAATGGCCAGCTATTACTTTAATGGCAAAGAGAACCTGTACTACGAGGTGTTCAAAAAATACGGTCTGGCAAATGAACTGCCGAACTTTCTGGAAAAAAACCAGTTTAATCCGATTAATGCCCTGCGTGAATATCTGACCGTTTTTACCACCCACATTAAAGAAAATCCGGAAATTGGCACCCTGGCCTATGAAGAAATTATCAAAGAAAGCGCACGCCTGGAAAAAATCAAACCGTATTTTATCGGCAGCTTCGAACAGCTGAAAGAAATTCTGCAAGAGGGTGAAAAACAGGGTGTGTTTCACTTTTTTAGCATCAACCATACCATCCATTGGATTACCAGCATTGTTCTGTTTCCGAAATTCAAAAAATTCATCGATAGCCTGGGTCCGAATGAAACCAATGATACCAATCATGAATGGATGCCGGAAGATCTGGTTAGCCGTATTATTAGCGCACTGACCGATAAACCGAACATTTAA'),(41,4,'LitR',1,'ATGGATACCATTCAGAAACGTCCGCGTACCCGTCTGAGTCCGGAAAAACGTAAAGAACAGCTGCTGGATATTGCCATTGAAGTTTTTAGCCAGCGTGGTATTGGTCGTGGTGGTCATGCAGATATTGCAGAAATTGCACAGGTTAGCGTTGCAACCGTGTTTAACTATTTTCCGACCCGTGAAGATCTGGTTGATGATGTTCTGAACAAAGTGGAAAACGAGTTTCACCAGTTCATCAATAACAGCATTAGCCTGGATCTGGATGTTCGTAGCAATCTGAATACCCTGCTGCTGAACATTATTGATAGCGTTCAGACCGGCAACAAATGGATTAAAGTTTGGTTTGAATGGTCAACCAGCACCCGTGATGAAGTTTGGCCTCTGTTTCTGAGCACCCATAGCAATACCAATCAGGTGATCAAAACCATGTTTGAAGAGGGTATTGAACGCAATGAAGTGTGCAATGATCATACACCGGAAAATCTGACCAAAATGCTGCATGGTATTTGCTATAGCGTGTTTATTCAGGCCAATCGTAATAGCAGCAGCGAAGAAATGGAAGAAACCGCAAATTGCTTTCTGAATATGCTGTGCATCTACAAATAA'),(42,4,'QacR',1,'ATGAACCTGAAAGATAAAATTCTGGGCGTTGCCAAAGAACTGTTTATCAAAAATGGCTATAACGCAACCACCACCGGTGAAATTGTTAAACTGAGCGAAAGCAGCAAAGGCAATCTGTATTATCACTTTAAAACCAAAGAGAACCTGTTTCTGGAAATCCTGAACATCGAAGAAAGCAAATGGCAAGAGCAGTGGAAAAAAGAACAAATCAAATGCAAAACCAACCGCGAGAAATTCTATCTGTATAATGAACTGAGCCTGACCACCGAATATTACTATCCGCTGCAGAATGCCATCATCGAGTTTTATACCGAGTACTATAAAACCAACAGCATCAACGAGAAAATGAACAAACTGGAAAACAAATACATCGATGCCTACCACGTGATCTTTAAAGAAGGTAATCTGAACGGCGAATGGTGCATTAATGATGTTAATGCCGTGAGCAAAATTGCAGCAAATGCCGTTAATGGCATTGTTACCTTTACCCATGAGCAGAATATCAACGAACGCATTAAACTGATGAACAAATTCAGCCAGATCTTTCTGAATGGCCTGAGCAAATAA'),(43,4,'IcaRA',1,'GTGAAAGACAAAATTATCGATAACGCCATCACCCTGTTTAGCGAAAAAGGTTATGACGGCACCACCCTGGATGATATTGCAAAAAGCGTGAACATCAAAAAAGCCAGCCTGTATTATCACTTTGATAGCAAAAAAAGCATCTACGAGCAGAGCGTTAAATGCTGTTTCGATTATCTGAACAACATCATCATGATGAACCAGAACAAAAGCAACTATAGCATCGATGCCCTGTATCAGTTTCTGTTTGAGTTCATCTTCGATATCGAGGAACGCTATATTCGTATGTATGTTCAGCTGAGCAACACACCGGAAGAATTTTCAGGTAACATTTATGGCCAGATCCAGGATCTGAATCAGAGCCTGAGCAAAGAAATCGCCAAATTCTATGACGAAAGCAAAATCAAAATGACCAAAGAGGACTTCCAGAATCTGATTCTGCTGTTTCTGGAAAGCTGGTATCTGAAAGCCAGCTTTAGCCAGAAATTTGGTGCAGTTGAAGAAAGCAAAAGCCAGTTTAAAGATGAGGTTTATAGCCTGCTGAACATCTTTCTGAAGAAATAA'),(44,4,'BetI',1,'GTGCCGAAACTGGGTATGCAGAGCATTCGTCGTCGTCAGCTGATTGATGCAACCCTGGAAGCAATTAATGAAGTTGGTATGCATGATGCAACCATTGCACAGATTGCACGTCGTGCCGGTGTTAGCACCGGTATTATTAGCCATTATTTCCGCGATAAAAACGGTCTGCTGGAAGCAACCATGCGTGATATTACCAGCCAGCTGCGTGATGCAGTTCTGAATCGTCTGCATGCACTGCCGCAGGGTAGCGCAGAACAGCGTCTGCAGGCAATTGTTGGTGGTAATTTTGATGAAACCCAGGTTAGCAGCGCAGCAATGAAAGCATGGCTGGCATTTTGGGCAAGCAGCATGCATCAGCCGATGCTGTATCGTCTGCAGCAGGTTAGCAGTCGTCGTCTGCTGAGCAATCTGGTTAGCGAATTTCGTCGTGAACTGCCTCGTGAACAGGCACAAGAGGCAGGTTATGGTCTGGCAGCACTGATTGATGGTCTGTGGCTGCGTGCAGCACTGAGCGGTAAACCGCTGGATAAAACCCGTGCAAATAGCCTGACCCGTCATTTTATCACCCAGCATCTGCCGACCGATTAA'),(45,4,'AmeR',1,'ATGAACAAAACCATTGATCAGGTGCGTAAAGGTGATCGTAAAAGCGATCTGCCGGTTCGTCGTCGTCCGCGTCGTAGTGCCGAAGAAACCCGTCGTGATATTCTGGCAAAAGCCGAAGAACTGTTTCGTGAACGTGGTTTTAATGCAGTTGCCATTGCAGATATTGCAAGCGCACTGAATATGAGTCCGGCAAATGTGTTTAAACATTTTAGCAGCAAAAACGCACTGGTTGATGCAATTGGTTTTGGTCAGATTGGTGTTTTTGAACGTCAGATTTGTCCGCTGGATAAAAGCCATGCACCGCTGGATCGTCTGCGTCATCTGGCACGTAATCTGATGGAACAGCATCATCAGGATCATTTCAAACACATACGGGTTTTTATTCAGATCCTGATGACCGCCAAACAGGATATGAAATGTGGCGATTATTACAAAAGCGTGATTGCAAAACTGCTGGCCGAAATTATTCGTGATGGTGTTGAAGCAGGTCTGTATATTGCAACCGATATTCCGGTTCTGGCAGAAACCGTTCTGCATGCACTGACCAGCGTTATTCATCCGGTTCTGATTGCACAAGAAGATATTGGTAATCTGGCAACCCGTTGTGATCAGCTGGTTGATCTGATTGATGCAGGTCTGCGTAATCCGCTGGCAAAATAA'),(46,4,'PsrA',1,'ATGGCACAGAGCGAAACCGTTGAACGTATTCTGGATGCAGCAGAACAGCTGTTTGCAGAACGTGGTTTTGCAGAAACCAGCCTGCGTCTGATTACCAGCAAAGCCGGTGTTAATCTGGCAGCAGTGAATTATCATTTTGGCAGCAAAAAAGCACTGATTCAGGCAGTTTTTAGCCGTTTTCTGGGTCCGTTTTGTGCAAGCCTGGAACGTGAACTGGAACGTCGTCAGGCACGTCCGGAACAGAAACCGAGCCTGGAAGAACTGCTGGAAATGCTGGTTGAACAGGCACTGGCAGTTCAGCCTCGTAGCAATAATGATCTGAGCATTTTTATGCGTCTGCTGGGTCTGGCATTTAGCCAGAGCCAGGGTCATCTGCGTCGTTATCTGGAAGATATGTATGGTAAAGTGTTCCGTCGTTATATGCTGCTGGTTAATGAAGCAGCACCGCGTGTTCCGCCTCTGGAACTGTTTTGGCGTGTTCATTTTATGCTGGGTGCAGCAGCATTTAGCATGAGCGGTATTAAAGCACTGCGTGCAATTGCAGAAACCGATTTTGGTATTAACACCAGCATTGAACAGGTTATGCGTCTGATGGTTCCGTTTCTGGCAGCAGGTATGCGTGCAGATAGCGGTGTTACCGATGAAGCAATGGCAGCAGCACAGCTGCGTCCGCGTAGCAAAACCAGCACCAGCGCAACCACCGCAAAAGCATAA'),(47,4,'McbR',1,'ATGGCAGCAAGCGCAAGCGGTAAAAGCAAAACCAGTGCCGGTGCAAATCGTCGTCGTAATCGTCCGAGTCCGCGTCAGCGTCTGCTGGATAGCGCAACCAACCTGTTTACCACCGAAGGTATTCGTGTGATTGGTATTGATCGTATTCTGCGTGAAGCAGATGTTGCAAAAGCAAGCCTGTATAGCCTGTTTGGTAGCAAAGATGCACTGGTTATTGCCTATCTGGAAAATCTGGATCAGCTGTGGCGTGAAGCATGGCGTGAACGTACCGTTGGTATGAAAGATCCGGAAGATAAAATCATTGCGTTCTTTGATCAGTGCATCGAAGAAGAACCGGAAAAAGATTTTCGCGGTAGCCATTTTCAGAATGCAGCAAGCGAATATCCGCGTCCGGAAACCGATAGCGAAAAAGGTATTGTTGCAGCAGTTCTGGAACATCGTGAATGGTGTCATAAAACCCTGACCGATCTGCTGACCGAAAAAAATGGTTATCCGGGTACAACCCAGGCAAATCAGCTGCTGGTTTTTCTGGATGGTGGTCTGGCAGGTAGCCGTCTGGTTCATAACATTAGTCCGCTGGAAACCGCACGTGATCTGGCACGTCAGCTGCTGAGCGCACCGCCTGCAGATTATAGCATTTAA'),(48,4,'ButR',1,'ATGAGCAAAGCAGCAAAAAGCAGCCGTAATACCAGTCCGGATGCACCGGAAAGCGCAGCAGGTAATCGTGCAGCAGCACAGCGTCTGAAAATGCGTCGTGAACTGGCAGCAGCAGCAATGGAACTGTTTGCAAGCAAAGGTTATAAAGCAACCACCGTTGATGAAATTGCAGCAGCAGCCGGTGTTGCACGTCGTACCTTTTTTCGTCATTTTCGTAGCAAAGAAGAAGCCATTTTTCCGGATCATGATGATACCCTGATTCGTGCCGAAGCAGTTCTGAATGCAGCACCGCCTCATGAACATCCGCTGGATACCGTTTGTCGTGGTATTAAAGAAGTGATGAAAATGTACGCAGCAAGTCCGGCAGTTAGCGTTGAACGTTATCGTCTGACCCGTGAAGTTCCGACCCTGCGTGAACGTGAAATTGCAAGCGTTGCACGTTATGAACGTCTGTTTACCCGTTATCTGCTGGGTCATTTTGATGAACATGCACATCATGATGGCAATGATGATCCGCTGCTGGCAGAAGTTGCAGCAAGCGCAGTTGTTACCGCACATAATCATGTTCTGCGTCGTTGGCTGCGTGCCGGTGGTCAGGGTGATGTTGAAACCCAGCTGGATCATGCATTTGCAATTGTTCGTCGCACCTTTGGCACCGGTATTGGTGCAGGTCGTGATACCCTGCCTGCAGCCGGTCCGGCAACCGTTAGCGCACAGGGTGAAGTTCTGGTTACCGTTGCACGTACCGATGCACCGCTGGATGAAGTTATGCGTACCATTGAAAAAGCACTGCGTGAACGCAGCTAA'),(49,4,'LmrA',1,'ATGAGCTATGGTGATAGCCGTGAAAAAATTCTGAGCGCAGCAACCCGTCTGTTTCAGCTGCAGGGTTATTATGGCACCGGTCTGAATCAGATTATCAAAGAAAGCGGTGCACCGAAAGGTAGCCTGTATTATCATTTTCCGGGTGGTAAAGAACAGCTGGCAATTGAAGCAGTGAACGAAATGAAAGAATATATCCGCCAGAAAATCGCCGATTGTATGGAAGCATGTACCGATCCGGCAGAAGGTATTCAGGCATTTCTGAAAGAACTGAGCTGTCAGTTTAGCTGTACCGAAGATATTGAAGGTCTGCCGGTTGGTCTGCTGGCAGCAGAAACCAGCCTGAAAAGCGAACCGCTGCGTGAAGCATGTCATGAAGCATATAAAGAATGGGCCAGCGTGTATGAAGAAAAACTGCGTCAGACCGGTTGTAGCGAAAGCCGTGCAAAAGAAGCAAGCACCGTTGTTAATGCAATGATTGAAGGTGGTATTCTGCTGAGCCTGACCGCAAAAAATAGCACACCGCTGCTGCATATTAGCAGCTGTATTCCGGATCTGCTGAAACGTTAA'),(50,4,'TarA',1,'ATGGCACAGCAGGATCGTGCAGTTCGTACCCGTCGTGCAGTTCTGCGTGCAGCAGCAGCAGTTTTTGCAGAACGTGGTTATGCAGCAGCAACCATTAGCGAAATTCTGAAACGTGCCGGTGTTACCAAAGGTGCACTGTATTTTCACTTTGATAGCAAAGCAGCACTGGCACAGGGTGTTCTGCAAGAACAGCTGACACCGGAATATCATCTGCCTCGTGAACTGAAACTGCAAGAATGGGTTGATGCAGGTATGACCCTGGCACGTCGTCTGCCACGTGAACCGTTTCTGCTGGCAGGCGTTCGTATTAGCGCAGATCGTCCGGGTCGTGAAGTTCTGGGTAGCGCATGGCCTGCATGGTCACGTCTGACCAGCCATGTTCTGACCGAAGCAAAAAAACGTGGTGAAGTTCTGCCGCATGTTGTTCCGGAAGAAACCGCACAGGTTTTTCTGGGTGCATGGGTTGGTGCACAGTTTGTTAGCCAGACCCTGGCAGGTTGGGAAGATCTGGATGATCGTACCGCAGCACTGTATAGCCATCTGCTGGGTGCAATTGCAGCACCGCCTGTTCTGACCCGTCTGGATACCGCACCGGATCGTGGTGCACGTGTTATTGCAGAAGCACGTCGTCGTAGCGGTGATCTGAGCGGTATTGCATGTTAA'),(51,4,'YFP',1,'ATGGTGAGCAAGGGCGAGGAGCTGTTCACCGGGGTGGTGCCCATCCTGGTCGAGCTGGACGGCGACGTAAACGGCCACAAGTTCAGCGTGTCCGGCGAGGGCGAGGGCGATGCCACCTACGGCAAGCTGACCCTGAAGTTCATCTGCACCACAGGCAAGCTGCCCGTGCCCTGGCCCACCCTCGTGACCACCTTCGGCTACGGCCTGCAATGCTTCGCCCGCTACCCCGACCACATGAAGCTGCACGACTTCTTCAAGTCCGCCATGCCCGAAGGCTACGTCCAGGAGCGCACCATCTTCTTCAAGGACGACGGCAACTACAAGACCCGCGCCGAGGTGAAGTTCGAGGGCGACACCCTGGTGAACCGCATCGAGCTGAAGGGCATCGACTTCAAGGAGGACGGCAACATCCTGGGGCACAAGCTGGAGTACAACTACAACAGCCACAACGTCTATATCATGGCCGACAAGCAGAAGAACGGCATCAAGGTGAACTTCAAGATCCGCCACAACATCGAGGACGGCAGCGTGCAGCTCGCCGACCACTACCAGCAGAACACCCCAATCGGCGACGGCCCCGTGCTGCTGCCCGACAACCACTACCTTAGCTACCAGTCCGCCCTGAGCAAAGACCCCAACGAGAAGCGCGATCACATGGTCCTGCTGGAGTTCGTGACCGCCGCCGGGATCACTCTCGGCATGGACGAGCTGTACAAGTAA'),(52,4,'BFP',1,'ATGAGCGAGCTGATTAAGGAGAACATGCACATGAAGCTGTACATGGAGGGCACCGTGGACAACCATCACTTCAAGTGCACATCCGAGGGCGAAGGCAAGCCCTACGAGGGCACCCAGACCATGAGAATCAAGGTGGTCGAGGGCGGCCCTCTCCCCTTCGCCTTCGACATCCTGGCTACTAGCTTCCTCTACGGCAGCAAGACCTTCATCAACCACACCCAGGGCATCCCCGACTTCTTCAAGCAGTCCTTCCCTGAGGGCTTCACATGGGAGAGAGTCACCACATACGAAGATGGGGGCGTGCTGACCGCTACCCAGGACACCAGCCTCCAGGACGGCTGCCTCATCTACAACGTCAAGATCAGAGGGGTGAACTTCACATCCAACGGCCCTGTGATGCAGAAGAAAACACTCGGCTGGGAGGCCTTCACCGAGACGCTGTACCCCGCTGACGGCGGCCTGGAAGGCAGAAACGACATGGCCCTGAAGCTCGTGGGCGGGAGCCATCTGATCGCAAACATCAAGACCACATATAGATCCAAGAAACCCGCTAAGAACCTCAAGATGCCTGGCGTCTACTATGTGGACTACAGACTGGAAAGAATCAAGGAGGCCAACAACGAGACCTACGTCGAGCAGCACGAGGTGGCAGTGGCCAGATACTGCGACCTCCCTAGCAAACTGGGGCACTAA'),(53,4,'RFP',1,'ATGGCTTCCTCCGAAGACGTTATCAAAGAGTTCATGCGTTTCAAAGTTCGTATGGAAGGTTCCGTTAACGGTCACGAGTTCGAAATCGAAGGTGAAGGTGAAGGTCGTCCGTACGAAGGTACCCAGACCGCTAAACTGAAAGTTACCAAAGGTGGTCCGCTGCCGTTCGCTTGGGACATCCTGTCCCCGCAGTTCCAGTACGGTTCCAAAGCTTACGTTAAACACCCGGCTGACATCCCGGACTACCTGAAACTGTCCTTCCCGGAAGGTTTCAAATGGGAACGTGTTATGAACTTCGAAGACGGTGGTGTTGTTACCGTTACCCAGGACTCCTCCCTGCAAGACGGTGAGTTCATCTACAAAGTTAAACTGCGTGGTACCAACTTCCCGTCCGACGGTCCGGTTATGCAGAAAAAAACCATGGGTTGGGAAGCTTCCACCGAACGTATGTACCCGGAAGACGGTGCTCTGAAAGGTGAAATCAAAATGCGTCTGAAACTGAAAGACGGTGGTCACTACGACGCTGAAGTTAAAACCACCTACATGGCTAAAAAACCGGTTCAGCTGCCGGGTGCTTACAAAACCGACATCAAACTGGACATCACCTCCCACAACGAAGACTACACCATCGTTGAACAGTACGAACGTGCTGAAGGTCGTCACTCCACCGGTGCTTAATAA'),(54,5,'ECK120029600',1,'TTCAGCCAAAAAACTTAAGACCGCCGGTCTTGTCCACTACCTTGCAGTAATGCGGTGGACAGGATCGGCGGTTTTCTTTTCTCTTCTCAA'),(55,5,'ECK120033737',1,'GGAAACACAGAAAAAAGCCCGCACCTGACAGTGCGGGCTTTTTTTTTCGACCAAAGG'),(56,5,'L3S2P11',1,'CTCGGTACCAAATTCCAGAAAAGAGACGCTTTCGAGCGTCTTTTTTCGTTTTGGTCC'),(57,5,'L3S2P55',1,'CTCGGTACCAAAGACGAACAATAAGACGCTGAAAAGCGTCTTTTTTCGTTTTGGTCC'),(58,5,'ECK120033736',1,'AACGCATGAGAAAGCCCCCGGAAGATCACCTTCCGGGGGCTTTTTTATTGCGC'),(59,5,'L3S2P24',1,'CTCGGTACCAAATTCCAGAAAAGACACCCGAAAGGGTGTTTTTTCGTTTTGGTCC'),(60,5,'ECK120010818',1,'GTCAGTTTCACCTGTTTTACGTAAAAACCCGCTTCGGCGGGTTTTTACTTTTGG'),(61,5,'ECK120015170',1,'ACAATTTTCGAAAAAACCCGCTTCGGCGGGTTTTTTTATAGCTAAAA'),(62,5,'BBa_B0010',1,'CCAGGCATCAAATAAAACGAAAGGCTCAGTCGAAAGACTGGGCCTTTCGTTTTATCTGTTGTTTGTCGGTGAACGCTCTC'),(63,5,'L3S3P31',1,'CCAATTATTGAACACCCTAACGGGTGTTTTTTTTTTTTTGGTCTCCC'),(64,5,'ECK120015440',1,'TCCGGCAATTAAAAAAGCGGCTAACCACGCCGCTTTTTTTACGTCTGCA'),(65,5,'BBa_B0062',1,'CAGATAAAAAAAATCCTTAGCTTTCGCTAAGGATGATTTCT'),(66,5,'ECK120010799',1,'GTTATGAGTCAGGAAAAAAGGCGACAGAGTAATCTGTCGCCTTTTTTCTTTGCTTGCTTT'),(67,5,'ECK120010876',1,'TAAGGTTGAAAAATAAAAACGGCGCTAAAAAGCGCCGTTTTTTTTGACGGTGGTA'),(68,5,'L3S2P42',1,'CTCGGTACCAAAGAAAAATAAAAAGACGCTGAAAAGCGTCTTTTTATTTTTCGGTCC'),(69,5,'L3S2P21',1,'CTCGGTACCAAATTCCAGAAAAGAGGCCTCCCGAAAGGGGGGCCTTTTTTCGTTTTGGTCC'),(70,5,'BBa_B0015',1,'CCAGGCATCAAATAAAACGAAAGGCTCAGTCGAAAGACTGGGCCTTTCGTTTTATCTGTTGTTTGTCGGTGAACGCTCTCTACTAGAGTCACACTGGCTCACCTTCGGGTGGGCCTTTCTGCGTTTATA'),(71,5,'BBa_B0062',1,'CAGATAAAAAAAATCCTTAGCTTTCGCTAAGGATGATTTCT'),(72,3,'rbs0_SrpR',1,'CTATGGACTATGTTTTCACACAGGAAATACCAGG'),(73,3,'rbs1_SrpR',1,'GAGTCTATGGACTATGTTTTCACAGAGGAGGTACCAGG'),(74,3,'rbs2_SrpR',1,'GAGTCTATGGACTATGTTTTCACATATGAGATACCAGG'),(75,3,'rbs3_SrpR',1,'GAGTCTATGGACTATGTTTTCACAAAGGAAGTACCAGG'),(76,3,'rbs0_PhlF',1,'CTATGGACTATGTTTGAAAGGGAGAAATACTAG'),(77,3,'rbs1_PhlF',1,'GGAGCTATGGACTATGTTTGAAAGGCTGAAATACTAG'),(78,3,'rbs0_BM3R1',1,'CTATGGACTATGTTTTAACTACTAG'),(79,3,'rbs1_BM3R1',1,'CTATGGACTATGTTTTTCAAAGACGAAAAACTACTAG'),(80,3,'rbs0_AmtR',1,'CTATGGACTATGTTTGAAAGAGAGAATACTAG'),(81,3,'rbs1_AmtR',1,'AATGTTCCCTAATAATCAGCAAAGAGGTTACTAG'),(82,3,'rbs0_HlyIIR',1,'CTATGGACTATGTTTGAAAGAGGGACAAACACTAA'),(83,3,'rbs0_LitR',1,'CTATGGACTATGTTTTCACACAGGTTTTCACACAGGAGAAGCCTCG'),(84,3,'rbs2_LitR',1,'GTCCTATGGACTTTTTCATACAGGAGAACCCTCG'),(85,3,'rbs0_QacR',1,'GCCATGCCATTGGCTTTTGATAGAGGACAACTACTAG'),(86,3,'rbs2_QacR',1,'GTAAGCCATGCCATTGGCTTTTGATAGAGGATAACTACTAG'),(87,3,'rbs0_IcaRA',1,'CTATGGACTAT'),(88,3,'rbs1_IcaRA',1,'ATTGCTATGGACTATGTTTCAAAGTGAGAATACTAG'),(89,3,'rbs0_BetI',1,'GCTACGACTTGCTCATTTGACAGAGGATAACTACTA'),(90,3,'rbs0_AmeR',1,'CTATGGACTATGTTTTCACATACGAGGGGGATTAG'),(100,3,'rbs0_PsrA',1,'CTATGGACTATGTTTGAAAGAGGATACGAACTACTAG'),(101,3,'rbs0_McbR',1,'CTATGGACTATGTAGGAGAAATACTAG'),(102,3,'rbs0_ButR',1,'CTATGGACTATGTTGACACAGGAGAAATACTAG'),(103,3,'rbs0_LmrA',1,'CTATGGACTATGTTTTCACACAGGAAAGGCCTCG'),(104,3,'rbs0_TarA',1,'CTATGGACTATGTTTTTCAAAGAGGAGAAATACTAG'),(105,3,'rbs0_YFP',1,'TACTAGAGAAAGAGGGGAAATACTAG'),(106,3,'rbs0_BFP',1,'GAGTCACACAGGAAAGTACTAG'),(107,3,'rbs0_RFP',1,'TACTAGAGTCACACAGGAAAGTACTAG'),(108,6,'F-scar',1,'CGCT'),(109,6,'E-scar',1,'GCTT'),(110,6,'D-scar',1,'AGGT'),(111,6,'C-scar',1,'AATG'),(112,6,'B-scar',1,'TACG'),(113,6,'A-scar',1,'GGAG'),(114,6,'Y-scar',1,'ATTG'),(115,6,'X-scar',1,'TGTC'),(116,6,'V-scar',1,'TCTG'),(117,6,'U-scar',1,'GGGC'),(118,6,'R-scar',1,'GTAA'),(119,6,'Q-scar',1,'GAGT'),(120,6,'P-scar',1,'CCTA'),(121,6,'O-scar',1,'ATGC'),(122,8,'pAN-801-(LacI-TetR)',1,'GCGGCGCGCCATCGAATGGCGCAAAACCTTTCGCGGTATGGCATGATAGCGCCCGGAAGAGAGTCAATTCAGGGTGGTGAATATGAAACCAGTAACGTTATACGATGTCGCAGAGTATGCCGGTGTCTCTTATCAGACCGTTTCCCGCGTGGTGAACCAGGCCAGCCACGTTTCTGCGAAAACGCGGGAAAAAGTGGAAGCGGCGATGGCGGAGCTGAATTACATTCCCAACCGCGTGGCACAACAACTGGCGGGCAAACAGTCGTTGCTGATTGGCGTTGCCACCTCCAGTCTGGCCCTGCACGCGCCGTCGCAAATTGTCGCGGCGATTAAATCTCGCGCCGATCAACTGGGTGCCAGCGTGGTGGTGTCGATGGTAGAACGAAGCGGCGTCGAAGCCTGTAAAGCGGCGGTGCACAATCTTCTCGCGCAACGCGTCAGTGGGCTGATCATTAACTATCCGCTGGATGACCAGGATGCCATTGCTGTGGAAGCTGCCTGCACTAATGTTCCGGCGTTATTTCTTGATGTCTCTGACCAGACACCCATCAACAGTATTATTTTCTCCCATGAGGACGGTACGCGACTGGGCGTGGAGCATCTGGTCGCATTGGGTCACCAGCAAATCGCGCTGTTAGCGGGCCCATTAAGTTCTGTCTCGGCGCGTCTGCGTCTGGCTGGCTGGCATAAATATCTCACTCGCAATCAAATTCAGCCGATAGCGGAACGGGAAGGCGACTGGAGTGCCATGTCCGGTTTTCAACAAACCATGCAAATGCTGAATGAGGGCATCGTTCCCACTGCGATGCTGGTTGCCAACGATCAGATGGCGCTGGGCGCAATGCGCGCCATTACCGAGTCCGGGCTGCGCGTTGGTGCGGATATCTCGGTAGTGGGATACGACGATACCGAAGATAGCTCATGTTATATCCCGCCGTTAACCACCATCAAACAGGATTTTCGCCTGCTGGGGCAAACCAGCGTGGACCGCTTGCTGCAACTCTCTCAGGGCCAGGCGGTGAAGGGCAATCAGCTGTTGCCAGTCTCACTGGTGAAAAGAAAAACCACCCTGGCGCCCAATACGCAAACCGCCTCTCCCCGCGCGTTGGCCGATTCATTAATGCAGCTGGCACGACAGGTTTCCCGACTGGAAAGCGGGCAGTGATAATCCAGGAGGAAAAAAATGTCCAGATTAGATAAAAGTAAAGTGATTAACAGCGCATTAGAGCTGCTTAATGAGGTCGGAATCGAAGGTTTAACAACCCGTAAACTCGCCCAGAAGCTAGGTGTAGAGCAGCCTACATTGTATTGGCATGTAAAAAATAAGCGGGCTTTGCTCGACGCCTTAGCCATTGAGATGTTAGATAGGCACCATACTCACTTTTGCCCTTTAGAAGGGGAAAGCTGGCAAGATTTTTTACGTAATAACGCTAAAAGTTTTAGATGTGCTTTACTAAGTCATCGCGATGGAGCAAAAGTACATTTAGGTACACGGCCTACAGAAAAACAGTATGAAACTCTCGAAAATCAATTAGCCTTTTTATGCCAACAAGGTTTTTCACTAGAGAATGCATTATATGCACTCAGCGCTGTGGGGCATTTTACTTTAGGTTGCGTATTGGAAGATCAAGAGCATCAAGTCGCTAAAGAAGAAAGGGAAACACCTACTACTGATAGTATGCCGCCATTATTACGACAAGCTATCGAATTATTTGATCACCAAGGTGCAGAGCCAGCCTTCTTATTCGGCCTTGAATTGATCATATGCGGATTAGAAAAACAACTTAAATGTGAAAGTGGGTCCTAATAATTGGTAACGAATCAGACAATTGACGGCTCGAGGGAGTAGCATAGGGTTTGCAGAATCCCTGCTTCGTCCATTTGACAGGCACATTATGCATCGATGATAAGCTGTCAAACATGAGCAGATCCTCTACGCCGGACGCATCGTGGCCGGCATCACCGGCGCCACAGGTGCGGTTGCTGGCGCCTATATCGCCGACATCACCGATGGGGAAGATCGGGCTCGCCACTTCGGGCTCATGAGCAAATATTTTATCTGAGGTGCTTCCTCGCTCACTGACTCGCTGCACGAGGCAGACCTCAGCGCTAGCGGAGTGTATACTGGCTTACTATGTTGGCACTGATGAGGGTGTCAGTGAAGTGCTTCATGTGGCAGGAGAAAAAAGGCTGCACCGGTGCGTCAGCAGAATATGTGATACAGGATATATTCCGCTTCCTCGCTCACTGACTCGCTACGCTCGGTCGTTCGACTGCGGCGAGCGGAAATGGCTTACGAACGGGGCGGAGATTTCCTGGAAGATGCCAGGAAGATACTTAACAGGGAAGTGAGAGGGCCGCGGCAAAGCCGTTTTTCCATAGGCTCCGCCCCCCTGACAAGCATCACGAAATCTGACGCTCAAATCAGTGGTGGCGAAACCCGACAGGACTATAAAGATACCAGGCGTTTCCCCTGGCGGCTCCCTCGTGCGCTCTCCTGTTCCTGCCTTTCGGTTTACCGGTGTCATTCCGCTGTTATGGCCGCGTTTGTCTCATTCCACGCCTGACACTCAGTTCCGGGTAGGCAGTTCGCTCCAAGCTGGACTGTATGCACGAACCCCCCGTTCAGTCCGACCGCTGCGCCTTATCCGGTAACTATCGTCTTGAGTCCAACCCGGAAAGACATGCAAAAGCACCACTGGCAGCAGCCACTGGTAATTGATTTAGAGGAGTTAGTCTTGAAGTCATGCGCCGGTTAAGGCTAAACTGAAAGGACAAGTTTTGGTGACTGCGCTCCTCCAAGCCAGTTACCTCGGTTCAAAGAGTTGGTAGCTCAGAGAACCTTCGAAAAACCGCCCTGCAAGGCGGTTTTTTCGTTTTCAGAGCAAGAGATTACGCGCAGACCAAAACGATCTCAAGAAGATCATCTTATTAAGGGGTCTGACGCTCAGTGGAACGAAAAATCAATCTAAAGTATATATGAGTAAACTTGGTCTGACAGTTACCTTAGAAAAACTCATCGAGCATCAAATGAAACTGCAATTTATTCATATCAGGATTATCAATACCATATTTTTGAAAAAGCCGTTTCTGTAATGAAGGAGAAAACTCACCGAGGCAGTTCCATAGGATGGCAAGATCCTGGTATCGGTCTGCGATTCCGACTCGTCCAACATCAATACAACCTATTAATTTCCCCTCGTCAAAAATAAGGTTATCAAGTGAGAAATCACCATGAGTGACGACTGAATCCGGTGAGAATGGCAAAAGCTTATGCATTTCTTTCCAGACTTGTTCAACAGGCCAGCCATTACGCTCGTCATCAAAATCACTCGCATCAACCAAACCGTTATTCATTCGTGATTGCGCCTGAGCGAGACGAAATACGCGATCGCTGTTAAAAGGACAATTACAAACAGGAATCGAATGCAACCGGCGCAGGAACACTGCCAGCGCATCAACAATATTTTCACCTGAATCAGGATATTCTTCTAATACCTGGAATGCTGTTTTCCCGGGGATCGCAGTGGTGAGTAACCATGCATCATCAGGAGTACGGATAAAATGCTTGATGGTCGGAAGAGGCATAAATTCCGTCAGCCAGTTTAGTCTGACCATCTCATCTGTAACATCATTGGCAACGCTACCTTTGCCATGTTTCAGAAACAACTCTGGCGCATCGGGCTTCCCATACAATCGATAGATTGTCGCACCTGATTGCCCGACATTATCGCGAGCCCATTTATACCCATATAAATCAGCATCCATGTTGGAATTTAATCGCGGCCTCGAGCAAGACGTTTCCCGTTGAATATGGCTCATAACACCCCTTGTATTACTGTTTATGTAAGCAGACAGTTTTATTGTTCATGATGATATATTTTTATCTTGTGCAATGTACATCAGAGATTTTGAGACACAACCAATTATTGAAGGCCTCCCTAACGGGGGGCCTTTTTTTGTTTCTGGTCTCCC'),(123,8,'pAN-01-(LacI-LuxR-TetR)',1,'GCGGCGCGCCATCGAATGGCGCAAAACCTTTCGCGGTATGGCATGATAGCGCCCGGAAGAGAGTCAATTCAGGGTGGTGAATATGAAACCAGTAACGTTATACGATGTCGCAGAGTATGCCGGTGTCTCTTATCAGACCGTTTCCCGCGTGGTGAACCAGGCCAGCCACGTTTCTGCGAAAACGCGGGAAAAAGTGGAAGCGGCGATGGCGGAGCTGAATTACATTCCCAACCGCGTGGCACAACAACTGGCGGGCAAACAGTCGTTGCTGATTGGCGTTGCCACCTCCAGTCTGGCCCTGCACGCGCCGTCGCAAATTGTCGCGGCGATTAAATCTCGCGCCGATCAACTGGGTGCCAGCGTGGTGGTGTCGATGGTAGAACGAAGCGGCGTCGAAGCCTGTAAAGCGGCGGTGCACAATCTTCTCGCGCAACGCGTCAGTGGGCTGATCATTAACTATCCGCTGGATGACCAGGATGCCATTGCTGTGGAAGCTGCCTGCACTAATGTTCCGGCGTTATTTCTTGATGTCTCTGACCAGACACCCATCAACAGTATTATTTTCTCCCATGAGGACGGTACGCGACTGGGCGTGGAGCATCTGGTCGCATTGGGTCACCAGCAAATCGCGCTGTTAGCGGGCCCATTAAGTTCTGTCTCGGCGCGTCTGCGTCTGGCTGGCTGGCATAAATATCTCACTCGCAATCAAATTCAGCCGATAGCGGAACGGGAAGGCGACTGGAGTGCCATGTCCGGTTTTCAACAAACCATGCAAATGCTGAATGAGGGCATCGTTCCCACTGCGATGCTGGTTGCCAACGATCAGATGGCGCTGGGCGCAATGCGCGCCATTACCGAGTCCGGGCTGCGCGTTGGTGCGGATATCTCGGTAGTGGGATACGACGATACCGAAGATAGCTCATGTTATATCCCGCCGTTAACCACCATCAAACAGGATTTTCGCCTGCTGGGGCAAACCAGCGTGGACCGCTTGCTGCAACTCTCTCAGGGCCAGGCGGTGAAGGGCAATCAGCTGTTGCCAGTCTCACTGGTGAAAAGAAAAACCACCCTGGCGCCCAATACGCAAACCGCCTCTCCCCGCGCGTTGGCCGATTCATTAATGCAGCTGGCACGACAGGTTTCCCGACTGGAAAGCGGGCAGTGATAAGATCCTATTCCAGCGGGTCACACAGGAAAGGCCTCGATGAAAAACATAAATGCCGACGACACATACAGAATAATTAATAAAATTAAAGCTTGTAGAAGCAATAATGATATTAATCAATGCTTATCTGATATGACTAAAATGGTACATTGTGAATATTATTTACTCGCGATCATTTATCCTCATTCTATGGTTAAATCTGATATTTCAATCCTAGATAATTACCCTAAAAAATGGAGGCAATATTATGATGACGCTAATTTAATAAAATATGATCCTATAGTAGATTATTCTAACTCCAATCATTCACCAATTAATTGGAATATATTTGAAAACAATGCTGTAAATAAAAAATCTCCAAATGTAATTAAAGAAGCGAAAACATCAGGTCTTATCACTGGGTTTAGTTTCCCTATTCATACGGCTAACAATGGCTTCGGAATGCTTAGTTTTGCACATTCAGAAAAAGACAACTATATAGATAGTTTATTTTTACATGCGTGTATGAACATACCATTAATTGTTCCTTCTCTAGTTGATAATTATCGAAAAATAAATATAGCAAATAATAAATCAAACAACGATTTAACCAAAAGAGAAAAAGAATGTTTAGCGTGGGCATGCGAAGGAAAAAGCTCTTGGGATATTTCAAAAATATTAGGTTGCAGTGAGCGTACTGTCACTTTCCATTTAACCAATGCGCAAATGAAACTCAATACAACAAACCGCTGCCAAAGTATTTCTAAAGCAATTTTAACAGGAGCAATTGATTGCCCATACTTTAAAAATTAAGGATCCAGGAGGAAAAAAATGTCCAGATTAGATAAAAGTAAAGTGATTAACAGCGCATTAGAGCTGCTTAATGAGGTCGGAATCGAAGGTTTAACAACCCGTAAACTCGCCCAGAAGCTAGGTGTAGAGCAGCCTACATTGTATTGGCATGTAAAAAATAAGCGGGCTTTGCTCGACGCCTTAGCCATTGAGATGTTAGATAGGCACCATACTCACTTTTGCCCTTTAGAAGGGGAAAGCTGGCAAGATTTTTTACGTAATAACGCTAAAAGTTTTAGATGTGCTTTACTAAGTCATCGCGATGGAGCAAAAGTACATTTAGGTACACGGCCTACAGAAAAACAGTATGAAACTCTCGAAAATCAATTAGCCTTTTTATGCCAACAAGGTTTTTCACTAGAGAATGCATTATATGCACTCAGCGCTGTGGGGCATTTTACTTTAGGTTGCGTATTGGAAGATCAAGAGCATCAAGTCGCTAAAGAAGAAAGGGAAACACCTACTACTGATAGTATGCCGCCATTATTACGACAAGCTATCGAATTATTTGATCACCAAGGTGCAGAGCCAGCCTTCTTATTCGGCCTTGAATTGATCATATGCGGATTAGAAAAACAACTTAAATGTGAAAGTGGGTCCTAATAATTGGTAACGAATCAGACAATTGACGGCTCGAGGGAGTAGCATAGGGTTTGCAGAATCCCTGCTTCGTCCATTTGACAGGCACATTATGCATCGATGATAAGCTGTCAAACATGAGCAGATCCTCTACGCCGGACGCATCGTGGCCGGCATCACCGGCGCCACAGGTGCGGTTGCTGGCGCCTATATCGCCGACATCACCGATGGGGAAGATCGGGCTCGCCACTTCGGGCTCATGAGCAAATATTTTATCTGAGGTGCTTCCTCGCTCACTGACTCGCTGCACGAGGCAGACCTCAGCGCTAGCGGAGTGTATACTGGCTTACTATGTTGGCACTGATGAGGGTGTCAGTGAAGTGCTTCATGTGGCAGGAGAAAAAAGGCTGCACCGGTGCGTCAGCAGAATATGTGATACAGGATATATTCCGCTTCCTCGCTCACTGACTCGCTACGCTCGGTCGTTCGACTGCGGCGAGCGGAAATGGCTTACGAACGGGGCGGAGATTTCCTGGAAGATGCCAGGAAGATACTTAACAGGGAAGTGAGAGGGCCGCGGCAAAGCCGTTTTTCCATAGGCTCCGCCCCCCTGACAAGCATCACGAAATCTGACGCTCAAATCAGTGGTGGCGAAACCCGACAGGACTATAAAGATACCAGGCGTTTCCCCTGGCGGCTCCCTCGTGCGCTCTCCTGTTCCTGCCTTTCGGTTTACCGGTGTCATTCCGCTGTTATGGCCGCGTTTGTCTCATTCCACGCCTGACACTCAGTTCCGGGTAGGCAGTTCGCTCCAAGCTGGACTGTATGCACGAACCCCCCGTTCAGTCCGACCGCTGCGCCTTATCCGGTAACTATCGTCTTGAGTCCAACCCGGAAAGACATGCAAAAGCACCACTGGCAGCAGCCACTGGTAATTGATTTAGAGGAGTTAGTCTTGAAGTCATGCGCCGGTTAAGGCTAAACTGAAAGGACAAGTTTTGGTGACTGCGCTCCTCCAAGCCAGTTACCTCGGTTCAAAGAGTTGGTAGCTCAGAGAACCTTCGAAAAACCGCCCTGCAAGGCGGTTTTTTCGTTTTCAGAGCAAGAGATTACGCGCAGACCAAAACGATCTCAAGAAGATCATCTTATTAAGGGGTCTGACGCTCAGTGGAACGAAAAATCAATCTAAAGTATATATGAGTAAACTTGGTCTGACAGTTACCTTAGAAAAACTCATCGAGCATCAAATGAAACTGCAATTTATTCATATCAGGATTATCAATACCATATTTTTGAAAAAGCCGTTTCTGTAATGAAGGAGAAAACTCACCGAGGCAGTTCCATAGGATGGCAAGATCCTGGTATCGGTCTGCGATTCCGACTCGTCCAACATCAATACAACCTATTAATTTCCCCTCGTCAAAAATAAGGTTATCAAGTGAGAAATCACCATGAGTGACGACTGAATCCGGTGAGAATGGCAAAAGCTTATGCATTTCTTTCCAGACTTGTTCAACAGGCCAGCCATTACGCTCGTCATCAAAATCACTCGCATCAACCAAACCGTTATTCATTCGTGATTGCGCCTGAGCGAGACGAAATACGCGATCGCTGTTAAAAGGACAATTACAAACAGGAATCGAATGCAACCGGCGCAGGAACACTGCCAGCGCATCAACAATATTTTCACCTGAATCAGGATATTCTTCTAATACCTGGAATGCTGTTTTCCCGGGGATCGCAGTGGTGAGTAACCATGCATCATCAGGAGTACGGATAAAATGCTTGATGGTCGGAAGAGGCATAAATTCCGTCAGCCAGTTTAGTCTGACCATCTCATCTGTAACATCATTGGCAACGCTACCTTTGCCATGTTTCAGAAACAACTCTGGCGCATCGGGCTTCCCATACAATCGATAGATTGTCGCACCTGATTGCCCGACATTATCGCGAGCCCATTTATACCCATATAAATCAGCATCCATGTTGGAATTTAATCGCGGCCTCGAGCAAGACGTTTCCCGTTGAATATGGCTCATAACACCCCTTGTATTACTGTTTATGTAAGCAGACAGTTTTATTGTTCATGATGATATATTTTTATCTTGTGCAATGTACATCAGAGATTTTGAGACACAA'),(124,8,'pAN-861-(AraC)(LacI-TetR)',1,'GTCACCATATATCAAGTTTACGGCTAGCTCAGTCCTAGGTACTATGCTAGCTACTAGAGAAAGAGGAGAAATACTAGATGGCTGAAGCGCAAAATGATCCCCTGCTGCCGGGATACTCGTTTAATGCCCATCTGGTGGCGGGTTTAACGCCGATTGAGGCCAACGGTTATCTCGATTTTTTTATCGACCGACCGCTGGGAATGAAAGGTTATATTCTCAATCTCACCATTCGCGGTCAGGGGGTGGTGAAAAATCAGGGACGAGAATTTGTTTGCCGACCGGGTGATATTTTGCTGTTCCCGCCAGGAGAGATTCATCACTACGGTCGTCATCCGGAGGCTCGCGAATGGTATCACCAGTGGGTTTACTTTCGTCCGCGCGCCTACTGGCATGAATGGCTTAACTGGCCGTCAATATTTGCCAATACGGGGTTCTTTCGCCCGGATGAAGCGCACCAGCCGCATTTCAGCGACCTGTTTGGGCAAATCATTAACGCCGGGCAAGGGGAAGGGCGCTATTCGGAGCTGCTGGCGATAAATCTGCTTGAGCAATTGTTACTGCGGCGCATGGAAGCGATTAACGAGTCGCTCCATCCACCGATGGATAATCGGGTACGCGAGGCTTGTCAGTACATCAGCGATCACCTGGCAGACAGCAATTTTGATATCGCCAGCGTCGCACAGCATGTTTGCTTGTCGCCGTCGCGTCTGTCACATCTTTTCCGCCAGCAGTTAGGGATTAGCGTCTTAAGCTGGCGCGAGGACCAACGTATCAGCCAGGCGAAGCTGCTTTTGAGCACCACCCGGATGCCTATCGCCACCGTCGGTCGCAATGTTGGTTTTGACGATCAACTCTATTTCTCGCGGGTATTTAAAAAATGCACCGGGGCCAGCCCGAGCGAGTTCCGTGCCGGTTGTGAAGAAAAAGTGAATGATGTAGCCGTCAAGTTGTCATAATAACCAATTATTGAAGGCCGCTAACGCGGCCTTTTTTTGTTTCTGGTCTCCCAATGGCGGCGCGCCATCGAATGGCGCAAAACCTTTCGCGGTATGGCATGATAGCGCCCGGAAGAGAGTCAATTCAGGGTGGTGAATATGAAACCAGTAACGTTATACGATGTCGCAGAGTATGCCGGTGTCTCTTATCAGACCGTTTCCCGCGTGGTGAACCAGGCCAGCCACGTTTCTGCGAAAACGCGGGAAAAAGTGGAAGCGGCGATGGCGGAGCTGAATTACATTCCCAACCGCGTGGCACAACAACTGGCGGGCAAACAGTCGTTGCTGATTGGCGTTGCCACCTCCAGTCTGGCCCTGCACGCGCCGTCGCAAATTGTCGCGGCGATTAAATCTCGCGCCGATCAACTGGGTGCCAGCGTGGTGGTGTCGATGGTAGAACGAAGCGGCGTCGAAGCCTGTAAAGCGGCGGTGCACAATCTTCTCGCGCAACGCGTCAGTGGGCTGATCATTAACTATCCGCTGGATGACCAGGATGCCATTGCTGTGGAAGCTGCCTGCACTAATGTTCCGGCGTTATTTCTTGATGTCTCTGACCAGACACCCATCAACAGTATTATTTTCTCCCATGAGGACGGTACGCGACTGGGCGTGGAGCATCTGGTCGCATTGGGTCACCAGCAAATCGCGCTGTTAGCGGGCCCATTAAGTTCTGTCTCGGCGCGTCTGCGTCTGGCTGGCTGGCATAAATATCTCACTCGCAATCAAATTCAGCCGATAGCGGAACGGGAAGGCGACTGGAGTGCCATGTCCGGTTTTCAACAAACCATGCAAATGCTGAATGAGGGCATCGTTCCCACTGCGATGCTGGTTGCCAACGATCAGATGGCGCTGGGCGCAATGCGCGCCATTACCGAGTCCGGGCTGCGCGTTGGTGCGGATATCTCGGTAGTGGGATACGACGATACCGAAGATAGCTCATGTTATATCCCGCCGTTAACCACCATCAAACAGGATTTTCGCCTGCTGGGGCAAACCAGCGTGGACCGCTTGCTGCAACTCTCTCAGGGCCAGGCGGTGAAGGGCAATCAGCTGTTGCCAGTCTCACTGGTGAAAAGAAAAACCACCCTGGCGCCCAATACGCAAACCGCCTCTCCCCGCGCGTTGGCCGATTCATTAATGCAGCTGGCACGACAGGTTTCCCGACTGGAAAGCGGGCAGTGATAATCCAGGAGGAAAAAAATGTCCAGATTAGATAAAAGTAAAGTGATTAACAGCGCATTAGAGCTGCTTAATGAGGTCGGAATCGAAGGTTTAACAACCCGTAAACTCGCCCAGAAGCTAGGTGTAGAGCAGCCTACATTGTATTGGCATGTAAAAAATAAGCGGGCTTTGCTCGACGCCTTAGCCATTGAGATGTTAGATAGGCACCATACTCACTTTTGCCCTTTAGAAGGGGAAAGCTGGCAAGATTTTTTACGTAATAACGCTAAAAGTTTTAGATGTGCTTTACTAAGTCATCGCGATGGAGCAAAAGTACATTTAGGTACACGGCCTACAGAAAAACAGTATGAAACTCTCGAAAATCAATTAGCCTTTTTATGCCAACAAGGTTTTTCACTAGAGAATGCATTATATGCACTCAGCGCTGTGGGGCATTTTACTTTAGGTTGCGTATTGGAAGATCAAGAGCATCAAGTCGCTAAAGAAGAAAGGGAAACACCTACTACTGATAGTATGCCGCCATTATTACGACAAGCTATCGAATTATTTGATCACCAAGGTGCAGAGCCAGCCTTCTTATTCGGCCTTGAATTGATCATATGCGGATTAGAAAAACAACTTAAATGTGAAAGTGGGTCCTAATAATTGGTAACGAATCAGACAATTGACGGCTCGAGGGAGTAGCATAGGGTTTGCAGAATCCCTGCTTCGTCCATTTGACAGGCACATTATGCATCGATGATAAGCTGTCAAACATGAGCAGATCCTCTACGCCGGACGCATCGTGGCCGGCATCACCGGCGCCACAGGTGCGGTTGCTGGCGCCTATATCGCCGACATCACCGATGGGGAAGATCGGGCTCGCCACTTCGGGCTCATGAGCAAATATTTTATCTGAGGTGCTTCCTCGCTCACTGACTCGCTGCACGAGGCAGACCTCAGCGCTAGCGGAGTGTATACTGGCTTACTATGTTGGCACTGATGAGGGTGTCAGTGAAGTGCTTCATGTGGCAGGAGAAAAAAGGCTGCACCGGTGCGTCAGCAGAATATGTGATACAGGATATATTCCGCTTCCTCGCTCACTGACTCGCTACGCTCGGTCGTTCGACTGCGGCGAGCGGAAATGGCTTACGAACGGGGCGGAGATTTCCTGGAAGATGCCAGGAAGATACTTAACAGGGAAGTGAGAGGGCCGCGGCAAAGCCGTTTTTCCATAGGCTCCGCCCCCCTGACAAGCATCACGAAATCTGACGCTCAAATCAGTGGTGGCGAAACCCGACAGGACTATAAAGATACCAGGCGTTTCCCCTGGCGGCTCCCTCGTGCGCTCTCCTGTTCCTGCCTTTCGGTTTACCGGTGTCATTCCGCTGTTATGGCCGCGTTTGTCTCATTCCACGCCTGACACTCAGTTCCGGGTAGGCAGTTCGCTCCAAGCTGGACTGTATGCACGAACCCCCCGTTCAGTCCGACCGCTGCGCCTTATCCGGTAACTATCGTCTTGAGTCCAACCCGGAAAGACATGCAAAAGCACCACTGGCAGCAGCCACTGGTAATTGATTTAGAGGAGTTAGTCTTGAAGTCATGCGCCGGTTAAGGCTAAACTGAAAGGACAAGTTTTGGTGACTGCGCTCCTCCAAGCCAGTTACCTCGGTTCAAAGAGTTGGTAGCTCAGAGAACCTTCGAAAAACCGCCCTGCAAGGCGGTTTTTTCGTTTTCAGAGCAAGAGATTACGCGCAGACCAAAACGATCTCAAGAAGATCATCTTATTAAGGGGTCTGACGCTCAGTGGAACGAAAAATCAATCTAAAGTATATATGAGTAAACTTGGTCTGACAGTTACCTTAGAAAAACTCATCGAGCATCAAATGAAACTGCAATTTATTCATATCAGGATTATCAATACCATATTTTTGAAAAAGCCGTTTCTGTAATGAAGGAGAAAACTCACCGAGGCAGTTCCATAGGATGGCAAGATCCTGGTATCGGTCTGCGATTCCGACTCGTCCAACATCAATACAACCTATTAATTTCCCCTCGTCAAAAATAAGGTTATCAAGTGAGAAATCACCATGAGTGACGACTGAATCCGGTGAGAATGGCAAAAGCTTATGCATTTCTTTCCAGACTTGTTCAACAGGCCAGCCATTACGCTCGTCATCAAAATCACTCGCATCAACCAAACCGTTATTCATTCGTGATTGCGCCTGAGCGAGACGAAATACGCGATCGCTGTTAAAAGGACAATTACAAACAGGAATCGAATGCAACCGGCGCAGGAACACTGCCAGCGCATCAACAATATTTTCACCTGAATCAGGATATTCTTCTAATACCTGGAATGCTGTTTTCCCGGGGATCGCAGTGGTGAGTAACCATGCATCATCAGGAGTACGGATAAAATGCTTGATGGTCGGAAGAGGCATAAATTCCGTCAGCCAGTTTAGTCTGACCATCTCATCTGTAACATCATTGGCAACGCTACCTTTGCCATGTTTCAGAAACAACTCTGGCGCATCGGGCTTCCCATACAATCGATAGATTGTCGCACCTGATTGCCCGACATTATCGCGAGCCCATTTATACCCATATAAATCAGCATCCATGTTGGAATTTAATCGCGGCCTCGAGCAAGACGTTTCCCGTTGAATATGGCTCATAACACCCCTTGTATTACTGTTTATGTAAGCAGACAGTTTTATTGTTCATGATGATATATTTTTATCTTGTGCAATGTACATCAGAGATTTTGAGACACAACCAATTATTGAAGGCCTCCCTAACGGGGGGCCTTTTTTTGTTTCTGGTCTCCC');
/*!40000 ALTER TABLE `Part` ENABLE KEYS */;
UNLOCK TABLES;

--
-- Table structure for table `PartType`
--

DROP TABLE IF EXISTS `PartType`;
/*!40101 SET @saved_cs_client     = @@character_set_client */;
/*!40101 SET character_set_client = utf8 */;
CREATE TABLE `PartType` (
  `ID` int(11) NOT NULL DEFAULT '0',
  `Type` varchar(100) DEFAULT NULL,
  PRIMARY KEY (`ID`)
) ENGINE=InnoDB DEFAULT CHARSET=latin1;
/*!40101 SET character_set_client = @saved_cs_client */;

--
-- Dumping data for table `PartType`
--

LOCK TABLES `PartType` WRITE;
/*!40000 ALTER TABLE `PartType` DISABLE KEYS */;
INSERT INTO `PartType` VALUES (1,'Promoter'),(2,'Insulator'),(3,'RBS'),(4,'CDS'),(5,'Terminator'),(6,'Scar'),(7,'Spacer'),(8,'Backbone'),(9,'Other'),(10,'Composite');
/*!40000 ALTER TABLE `PartType` ENABLE KEYS */;
UNLOCK TABLES;

--
-- Table structure for table `Ref`
--

DROP TABLE IF EXISTS `Ref`;
/*!40101 SET @saved_cs_client     = @@character_set_client */;
/*!40101 SET character_set_client = utf8 */;
CREATE TABLE `Ref` (
  `ID` int(11) DEFAULT NULL,
  `CompoundID` int(11) DEFAULT NULL,
  `BasicID` int(11) DEFAULT NULL,
  `Position` int(11) DEFAULT NULL
) ENGINE=InnoDB DEFAULT CHARSET=latin1;
/*!40101 SET character_set_client = @saved_cs_client */;

--
-- Dumping data for table `Ref`
--

LOCK TABLES `Ref` WRITE;
/*!40000 ALTER TABLE `Ref` DISABLE KEYS */;
INSERT INTO `Ref` VALUES (1,9,20,1),(2,9,72,2),(3,9,36,3),(4,9,54,4),(5,9,5,5),(6,10,20,1),(7,10,73,2),(8,10,36,3),(9,10,54,4),(10,10,5,5),(11,11,20,1),(12,11,74,2),(13,11,36,3),(14,11,54,4),(15,11,5,5),(16,12,20,1),(17,12,75,2),(18,12,36,3),(19,12,54,4),(20,12,5,5),(21,13,21,1),(22,13,76,2),(23,13,37,3),(24,13,55,4),(25,13,6,5),(26,14,21,1),(27,14,77,2),(28,14,37,3),(29,14,55,4),(30,14,6,5),(31,15,22,1),(32,15,78,2),(33,15,38,3),(34,15,56,4),(35,15,7,5),(36,16,22,1),(37,16,79,2),(38,16,38,3),(39,16,56,4),(40,16,7,5),(41,17,23,1),(42,17,80,2),(43,17,39,3),(44,17,57,4),(45,17,8,5),(46,18,23,1),(47,18,80,2),(48,18,39,3),(49,18,57,4),(50,18,8,5),(51,19,24,1),(52,19,82,2),(53,19,40,3),(54,19,58,4),(55,19,9,5),(56,20,25,1),(57,20,83,2),(58,20,41,3),(59,20,59,4),(60,20,10,5),(61,21,25,1),(62,21,84,2),(63,21,41,3),(64,21,59,4),(65,21,10,5),(66,22,26,1),(67,22,85,2),(68,22,42,3),(69,22,60,4),(70,22,11,5),(71,23,26,1),(72,23,86,2),(73,23,42,3),(74,23,60,4),(75,23,11,5),(76,24,27,1),(77,24,87,2),(78,24,43,3),(79,24,61,4),(80,24,12,5),(81,25,27,1),(82,25,88,2),(83,25,43,3),(84,25,61,4),(85,25,12,5),(86,26,28,1),(87,26,89,2),(88,26,44,3),(89,26,62,4),(90,26,13,5),(91,27,29,1),(92,27,90,2),(93,27,45,3),(94,27,63,4),(95,27,14,5),(96,28,30,1),(97,28,100,2),(98,28,46,3),(99,28,64,4),(100,28,15,5),(101,29,31,1),(102,29,101,2),(103,29,47,3),(104,29,65,4),(105,29,16,5),(106,30,32,1),(107,30,102,2),(108,30,48,3),(109,30,66,4),(110,30,17,5),(111,31,33,1),(112,31,103,2),(113,31,49,3),(114,31,67,4),(115,31,18,5),(116,32,34,1),(117,32,104,2),(118,32,50,3),(119,32,68,4),(120,32,19,5);
/*!40000 ALTER TABLE `Ref` ENABLE KEYS */;
UNLOCK TABLES;
/*!40103 SET TIME_ZONE=@OLD_TIME_ZONE */;

/*!40101 SET SQL_MODE=@OLD_SQL_MODE */;
/*!40014 SET FOREIGN_KEY_CHECKS=@OLD_FOREIGN_KEY_CHECKS */;
/*!40014 SET UNIQUE_CHECKS=@OLD_UNIQUE_CHECKS */;
/*!40101 SET CHARACTER_SET_CLIENT=@OLD_CHARACTER_SET_CLIENT */;
/*!40101 SET CHARACTER_SET_RESULTS=@OLD_CHARACTER_SET_RESULTS */;
/*!40101 SET COLLATION_CONNECTION=@OLD_COLLATION_CONNECTION */;
/*!40111 SET SQL_NOTES=@OLD_SQL_NOTES */;

-- Dump completed on 2014-04-28 13:14:02
